canonicalId,name,country,mainlandChina,rankingSources,qsRank,theRank,arwuRank,usnewsRank,goalCategory,programCaptured,programCandidates
u_adelaide_university,Adelaide University,Australia,False,qs|usnews,79,,,85,official-blocked,0,0
u_curtin_university,Curtin University,Australia,False,qs|the|arwu|usnews,189,251,201,155,official-blocked,0,0
u_deakin_university,Deakin University,Australia,False,qs|the|arwu|usnews,227,201,201,142,official-blocked,0,0
u_edith_cowan_university,Edith Cowan University,Australia,False,the|usnews,,351,,435,official-blocked,0,0
u_griffith_university,Griffith University,Australia,False,qs|the|arwu|usnews,231,251,301,226,official-blocked,0,0
u_james_cook_university,James Cook University,Australia,False,qs|the|arwu|usnews,440,351,401,382,official-blocked,0,0
u_la_trobe_university,La Trobe University,Australia,False,qs|the|arwu|usnews,241,251,301,285,official-blocked,0,0
u_macquarie_university,Macquarie University,Australia,False,qs|the|arwu|usnews,127,166,201,173,official-blocked,0,0
u_monash_university,Monash University,Australia,False,qs|the|arwu|usnews,31,58,76,38,official-blocked,0,0
u_queensland_university_of_technology,Queensland University of Technology,Australia,False,qs|the|arwu|usnews,240,201,301,172,official-blocked,0,0
u_university_of_tasmania,University of Tasmania,Australia,False,qs|the|arwu|usnews,311,251,301,270,official-blocked,0,0
u_federal_university_of_minas_gerais,Federal University of Minas Gerais,Brazil,False,usnews,,,,494,official-blocked,0,0
u_sao_paulo_state_university,Sao Paulo State University,Brazil,False,arwu,,,401,,official-blocked,0,0
u_universidade_estadual_de_campinas_unicamp,Universidade Estadual de Campinas (Unicamp),Brazil,False,qs|usnews,277,,,359,official-blocked,0,0
u_university_of_campinas,University of Campinas,Brazil,False,the|arwu,,351,401,,official-blocked,0,0
u_university_of_são_paulo,University of São Paulo,Brazil,False,qs|the|arwu|usnews,133,201,101,134,official-blocked,0,0
u_universiti_brunei_darussalam_ubd,Universiti Brunei Darussalam (UBD),Brunei,False,qs,347,,,,official-blocked,0,0
u_laval_university,Laval University,Canada,False,the|arwu,,401,301,,official-blocked,0,0
u_mcgill_university,McGill University,Canada,False,qs|the|arwu|usnews,30,41,76,68,official-blocked,0,0
u_university_of_alberta,University of Alberta,Canada,False,qs|the|arwu|usnews,96,119,101,164,official-blocked,0,0
u_university_of_toronto,University of Toronto,Canada,False,qs|the|arwu|usnews,32,21,25,20,official-blocked,0,0
u_east_china_university_of_science_and_technology,East China University of Science and Technology,China,True,arwu,,,201,,official-blocked,0,0
u_fuzhou_university,Fuzhou University,China,True,arwu|usnews,,,301,382,official-blocked,0,0
u_peking_union_medical_college,Peking Union Medical College,China,True,arwu|usnews,,,151,378,official-blocked,0,0
u_yangzhou_university,Yangzhou University,China,True,arwu,,,301,,official-blocked,0,0
u_universidad_nacional_de_colombia,Universidad Nacional de Colombia,Colombia,False,qs,293,,,,official-blocked,0,0
u_university_of_cyprus,University of Cyprus,Cyprus,False,the,,401,,,official-blocked,0,0
u_al_azhar_university,Al Azhar University,Egypt,False,usnews,,,,279,official-blocked,0,0
u_cairo_university,Cairo University,Egypt,False,qs|arwu|usnews,364,,401,221,official-blocked,0,0
u_city_university_of_hong_kong,City University of Hong Kong,Hong Kong,False,qs|the|arwu|usnews,52,73,99,47,official-blocked,0,0
u_hong_kong_baptist_university,Hong Kong Baptist University,Hong Kong,False,qs|the|usnews,216,201,,371,official-blocked,0,0
u_university_of_hong_kong,University of Hong Kong,Hong Kong,False,qs|the|arwu|usnews,11,33,67,40,official-blocked,0,0
u_semmelweis_university,Semmelweis University,Hungary,False,the,,251,,,official-blocked,0,0
u_indian_institute_of_technology_kanpur_iitk,Indian Institute of Technology Kanpur (IITK),India,False,qs,222,,,,official-blocked,0,0
u_saveetha_institute_of_medical_and_technical_sciences,Saveetha Institute of Medical and Technical Sciences,India,False,the,,351,,,official-blocked,0,0
u_universitas_airlangga,Universitas Airlangga,Indonesia,False,qs,276,,,,official-blocked,0,0
u_sharif_university_of_technology,Sharif University of Technology,Iran,False,qs|the,392,351,,,official-blocked,0,0
u_university_college_dublin,University College Dublin,Ireland,False,qs|the|arwu|usnews,102,201,301,258,official-blocked,0,0
u_the_university_of_osaka,The University of Osaka,Japan,False,qs|the|arwu|usnews,95,151,201,264,official-blocked,0,0
u_tokyo_medical_and_dental_university_tmdu,Tokyo Medical and Dental University (TMDU),Japan,False,the,,,,,official-blocked,0,0
u_satbayev_university,Satbayev University,Kazakhstan,False,qs,351,,,,official-blocked,0,0
u_american_university_of_the_middle_east,American University of the Middle East,Kuwait,False,the,,,,,official-blocked,0,0
u_lebanese_american_university,Lebanese American University,Lebanon,False,qs|the,480,251,,,official-blocked,0,0
u_inti_international_university,INTI International University,Malaysia,False,qs,407,,,,official-blocked,0,0
u_universiti_teknologi_malaysia,Universiti Teknologi Malaysia,Malaysia,False,qs|the|usnews,159,401,,429,official-blocked,0,0
u_tecnológico_de_monterrey,Tecnológico de Monterrey,Mexico,False,qs,188,,,,official-blocked,0,0
u_auckland_university_of_technology_aut,Auckland University of Technology (AUT),New Zealand,False,qs|the,432,156,,,official-blocked,0,0
u_lincoln_university,Lincoln University,New Zealand,False,qs,421,,,,official-blocked,0,0
u_university_of_otago,University of Otago,New Zealand,False,qs|the|arwu|usnews,198,351,401,290,official-blocked,0,0
u_university_of_waikato,University of Waikato,New Zealand,False,qs|the,294,401,,,official-blocked,0,0
u_sultan_qaboos_university,Sultan Qaboos University,Oman,False,qs,306,,,,official-blocked,0,0
u_university_of_lahore,University of Lahore,Pakistan,False,usnews,,,,479,official-blocked,0,0
u_bauman_moscow_state_technical_university,Bauman Moscow State Technical University,Russia,False,qs|the,318,301,,,official-blocked,0,0
u_novosibirsk_state_university,Novosibirsk State University,Russia,False,qs,491,,,,official-blocked,0,0
u_imam_abdulrahman_bin_faisal_university_iau,Imam Abdulrahman Bin Faisal University (IAU),Saudi Arabia,False,qs,475,,,,official-blocked,0,0
u_king_abdullah_university_of_science_and_technology,King Abdullah University of Science and Technology,Saudi Arabia,False,arwu|usnews,,,201,103,official-blocked,0,0
u_king_khalid_university,King Khalid University,Saudi Arabia,False,the|arwu|usnews,,251,401,306,official-blocked,0,0
u_prince_sultan_university_psu,Prince Sultan University (PSU),Saudi Arabia,False,qs|the,492,351,,,official-blocked,0,0
u_singapore_management_university,Singapore Management University,Singapore,False,qs,413,,,,official-blocked,0,0
u_singapore_university_of_technology_and_design,Singapore University of Technology and Design,Singapore,False,qs|usnews,266,,,359,official-blocked,0,0
u_stellenbosch_university,Stellenbosch University,South Africa,False,qs|the|arwu|usnews,296,301,401,299,official-blocked,0,0
u_university_of_johannesburg,University of Johannesburg,South Africa,False,qs|the|arwu|usnews,292,351,,281,official-blocked,0,0
u_daegu_gyeongbuk_institute_of_science_and_technology_dgist,Daegu Gyeongbuk Institute of Science and Technology (DGIST),South Korea,False,qs|the,385,351,,,official-blocked,0,0
u_university_of_ulsan,University of Ulsan,South Korea,False,arwu,,,,,official-blocked,0,0
u_asia_university_taiwan,"Asia University, Taiwan",Taiwan,False,the,,401,,,official-blocked,0,0
u_national_sun_yat_sen_university_nsysu,National Sun Yat-sen University (NSYSU),Taiwan,False,qs,441,,,,official-blocked,0,0
u_national_taipei_university_of_technology,National Taipei University of Technology,Taiwan,False,qs,494,,,,official-blocked,0,0
u_national_taiwan_university_ntu,National Taiwan University (NTU),Taiwan,False,qs|the|arwu|usnews,54,140,201,233,official-blocked,0,0
u_national_tsing_hua_university,National Tsing Hua University,Taiwan,False,qs|the|arwu,143,401,401,,official-blocked,0,0
u_taipei_medical_university,Taipei Medical University,Taiwan,False,the,,401,,,official-blocked,0,0
u_chulalongkorn_university,Chulalongkorn University,Thailand,False,qs|usnews,212,,,491,official-blocked,0,0
u_mahidol_university,Mahidol University,Thailand,False,qs,346,,,,official-blocked,0,0
u_abu_dhabi_university,Abu Dhabi University,United Arab Emirates,False,qs|the,348,201,,,official-blocked,0,0
u_ajman_university,Ajman University,United Arab Emirates,False,qs|the,397,401,,,official-blocked,0,0
u_khalifa_university,Khalifa University,United Arab Emirates,False,qs|the,147,201,,,official-blocked,0,0
u_khalifa_university_of_science_and_technology,Khalifa University of Science and Technology,United Arab Emirates,False,usnews,,,,340,official-blocked,0,0
u_bournemouth_university,Bournemouth University,United Kingdom,False,the,,401,,,official-blocked,0,0
u_cardiff_university,Cardiff University,United Kingdom,False,qs|the|arwu|usnews,179,201,201,211,official-blocked,0,0
u_city_st_georges_university_of_london,"City St George’s, University of London",United Kingdom,False,qs|usnews,363,,,318,official-blocked,0,0
u_city_university_of_london,"City, University of London",United Kingdom,False,the,,,,,official-blocked,0,0
u_durham_university,Durham University,United Kingdom,False,qs|the|arwu|usnews,85,175,201,270,official-blocked,0,0
u_liverpool_john_moores_university,Liverpool John Moores University,United Kingdom,False,usnews,,,,451,official-blocked,0,0
u_london_school_of_hygiene_and_tropical_medicine,London School of Hygiene and Tropical Medicine,United Kingdom,False,arwu|usnews,,,201,127,official-blocked,0,0
u_queen_mary_university_of_london,Queen Mary University of London,United Kingdom,False,qs|the|arwu|usnews,104,134,201,101,official-blocked,0,0
u_queens_university_belfast,Queen's University Belfast,United Kingdom,False,qs|the|arwu|usnews,176,198,301,241,official-blocked,0,0
u_ucl,UCL,United Kingdom,False,qs|the,9,22,,,official-blocked,0,0
u_university_college_london,University College London,United Kingdom,False,arwu|usnews,,,14,9,official-blocked,0,0
u_university_of_birmingham,University of Birmingham,United Kingdom,False,qs|the|arwu|usnews,69,98,151,97,official-blocked,0,0
u_university_of_bristol,University of Bristol,United Kingdom,False,qs|the|arwu|usnews,57,80,98,115,official-blocked,0,0
u_university_of_dundee,University of Dundee,United Kingdom,False,qs|the|arwu|usnews,448,301,301,437,official-blocked,0,0
u_university_of_essex,University of Essex,United Kingdom,False,qs|the,439,301,,,official-blocked,0,0
u_university_of_leicester,University of Leicester,United Kingdom,False,qs|the|arwu|usnews,316,192,301,166,official-blocked,0,0
u_university_of_oxford,University of Oxford,United Kingdom,False,qs|the|arwu|usnews,4,1,6,4,official-blocked,0,0
u_albert_einstein_college_of_medicine,Albert Einstein College of Medicine,United States,False,arwu,,,301,,official-blocked,0,0
u_baylor_college_of_medicine,Baylor College of Medicine,United States,False,arwu|usnews,,,201,144,official-blocked,0,0
u_brandeis_university,Brandeis University,United States,False,the|arwu,,401,301,,official-blocked,0,0
u_cuny_graduate_school_and_university_center,CUNY Graduate School and University Center,United States,False,arwu,,,401,,official-blocked,0,0
u_colorado_school_of_mines,Colorado School of Mines,United States,False,the,,401,,,official-blocked,0,0
u_columbia_university,Columbia University,United States,False,qs|the|arwu|usnews,43,20,8,10,official-blocked,0,0
u_george_washington_university,George Washington University,United States,False,qs|the|arwu|usnews,381,201,301,259,official-blocked,0,0
u_icahn_school_of_medicine_at_mount_sinai,Icahn School of Medicine at Mount Sinai,United States,False,arwu|usnews,,,101,46,official-blocked,0,0
u_johns_hopkins_university,Johns Hopkins University,United States,False,qs|the|arwu|usnews,20,16,19,17,official-blocked,0,0
u_michigan_state_university,Michigan State University,United States,False,qs|the|arwu|usnews,182,105,151,127,official-blocked,0,0
u_rice_university,Rice University,United States,False,qs|the|arwu|usnews,122,103,101,201,official-blocked,0,0
u_saint_louis_university,Saint Louis University,United States,False,the,,401,,,official-blocked,0,0
u_the_university_of_texas_health_science_center_at_houston,The University of Texas Health Science Center at Houston,United States,False,arwu|usnews,,,201,324,official-blocked,0,0
u_university_of_california_merced,"University of California, Merced",United States,False,the,,401,,,official-blocked,0,0
u_university_of_california_san_francisco,"University of California, San Francisco",United States,False,arwu|usnews,,,21,22,official-blocked,0,0
u_university_of_california_santa_cruz,"University of California, Santa Cruz",United States,False,qs|the|arwu|usnews,462,181,151,141,official-blocked,0,0
u_university_of_chicago,University of Chicago,United States,False,qs|the|arwu|usnews,24,15,10,25,official-blocked,0,0
u_university_of_connecticut,University of Connecticut,United States,False,qs|the|arwu|usnews,463,351,201,312,official-blocked,0,0
u_university_of_hawaii_at_manoa,University of Hawaii at Manoa,United States,False,the|arwu|usnews,,251,301,482,official-blocked,0,0
u_university_of_illinois_chicago,University of Illinois Chicago,United States,False,qs|the|usnews,371,201,,252,official-blocked,0,0
u_university_of_illinois_at_chicago,University of Illinois at Chicago,United States,False,arwu,,,,,official-blocked,0,0
u_university_of_massachusetts_amherst,University of Massachusetts Amherst,United States,False,qs|arwu|usnews,260,,201,160,official-blocked,0,0
u_university_of_massachusetts_chan_medical_school,University of Massachusetts Chan Medical School,United States,False,arwu,,,151,,official-blocked,0,0
u_university_of_michigan_ann_arbor,University of Michigan-Ann Arbor,United States,False,qs|the|arwu|usnews,51,23,33,21,official-blocked,0,0
u_university_of_minnesota,University of Minnesota,United States,False,the,,88,,,official-blocked,0,0
u_university_of_minnesota_twin_cities,"University of Minnesota, Twin Cities",United States,False,arwu|usnews,,,51,76,official-blocked,0,0
u_university_of_new_mexico,University of New Mexico,United States,False,usnews,,,,471,official-blocked,0,0
u_university_of_utah,University of Utah,United States,False,the|arwu|usnews,,201,151,170,official-blocked,0,0
u_university_of_virginia,University of Virginia,United States,False,qs|the|arwu|usnews,268,166,201,135,official-blocked,0,0
u_university_of_washington,University of Washington,United States,False,qs|the|arwu|usnews,93,25,17,12,official-blocked,0,0
u_wake_forest_university,Wake Forest University,United States,False,the,,,,,official-blocked,0,0
